path,bytes,sha256
404.php,1288,53ef4c60b8518de44c99a7e45e13d0af6137e4cdb771e6164cacfda1ac6fff9e
archive.php,185,22b642b5b199bd77f6b978bb4c09c732b58bac93223e8a3da5caf41dd45e3143
assets/Geist-var.woff2,28400,0cbbe6286a00f356e98980783cc950a9b693751e04aedfb97d9526ff6dc2b316
assets/IBMPlexMono-400-ext.woff2,13348,6bc0f226a5b7884a8170e3f62c63d7675609d4631bdc5931b5cdab81821f00eb
assets/IBMPlexMono-400.woff2,14708,08949f728dc52d528e69b1667d15c89a5686a4ee9a296ff90983985f99c380f7
assets/IBMPlexMono-500.woff2,14888,01d285447409c8a588692162439a038b8cbd7871309ee20267b0d2d91c6e8e22
assets/contacto-bg-1280.webp,18634,be239c61192cf266e0b70169bb6d8a9f9b8621e5737e7663231348ef3227a711
assets/contacto-bg-1920.webp,33234,4462ec2173c0ec4f667347e354219eb98d7626e8819b883b33e8799a1f698d0e
assets/css/cookies-banner.css,3436,41f1b0a5f2cf944830cf43ba5c548efe31f99a933b5f47f1d069f7c898b3447b
assets/heroe-1280.avif,14550,a20afa64710b1f20c608137b491ac9020abbe0f703b8211cbf50794d256bef1f
assets/heroe-1280.webp,26262,8283b8dbbdc1faf23fe39d79ec24e4675af1e3fe45e760ff21063e8e74549d22
assets/heroe-1920.avif,23098,e32809f88cf66fee10376c9883d7f8863baee50e9a42f8b5840ce18a460e40d0
assets/heroe-1920.webp,46016,703697cc8777f337f2d0771dd55570254504d3eb991f166b31d07c5ba14a8aea
assets/heroe-2560.avif,32642,f56a099369ab47f98a22ddf6a27e27e51c9b0f0468bd3143f4056f6571f9f358
assets/heroe-2560.webp,68040,a193813a140e7c1d621525843808380e93880b62dd8cd68e8a10cf1d1438f6e4
assets/js/cookies-banner.js,4300,4d0e61942d9462aead78fc39c365426abf41c44def73026fc5e214fab8fc2e73
assets/js/landing.js,8815,c63b2c234d81e8750d102e32b78fa416e4ebed0f910d969eb86b48a62cbcbbac
assets/logo-nuevo-420.webp,4478,4ad47c052cea030b7154d70ea6eceb8716d7c7c14e743408f5d0ec15f89a0747
assets/logo-nuevo-630.webp,6698,74cc7bd17213629919be44c96fba5ee4c4e9dee159077da3ab601273b4fd85a6
assets/og-doble3d.jpg,61812,279b56cae6dbaf6682d28c596a8f79f5b9cd66770129d271a69f716fd46aa5e8
footer.php,1187,28519f816e9b63b263ff7e2089a1ec6736ff8dd9603b5f5ba9ba17cc1809d402
front-page.php,88002,3eb8c8f8e8f0e81481ac3f6768c0ab9f847f881de1998bf01e1a1e45db4541fd
functions.php,28033,940ac9d0f4bc5c882802deaaba5a4566a8bd439a211d8765ebd200ee58a5a2a3
header.php,12679,26435396f8d22012c641494f109baf360ef62b92b9b42f281f3e773fb1fa4227
home.php,1436,93f67d3dbd57409c21516a2d3a418ca6705d28d347b36bef145ba21114c70970
inc/cookies/cookies-admin.php,8565,bcd72259d5a7fa1c4c34c6a7dcc30eeedea0f4dc89c28de34fd9c6acc6ec4eaf
inc/cookies/cookies-frontend.php,3882,a6c67115a0fd013f0c62a871f3b6dadf73bba341af384a6d46c137cbe0ca6634
inc/cookies/cookies-settings.php,3576,e09bd180047092f70236d25e9b7fd421bcac9751cf2314bf05db9487c6f0098f
index.php,1649,63dc1fc5eb334cd08d8baee903ae13ba53998fa329fc6dee0023a08d9a4bb057
page.php,822,043de3a4c803f5dca8232c8965ab6fc3cdb917bc60871501157c4b805ad7df48
search.php,163,d9894a9c52be3c14459665e5f5e175213f480eccb281acac2c8f7066e51db768
single.php,5294,d979922e26b3c0aaad09f78ea030d7b71c058157ccb8f8f25b6880ce1b35c9c1
style.css,521,113c833f24b9d4f1a1ede5bb0de2936fb4b4d7a3e4cdde34379d39ccf322b78a
template-blog.php,1809,5d17d82b88b6a2b8a2f28e827cf5ac70d1ace7b8c633ac867c94e70f48518e3f
template-parts/post-row.php,860,46a6706e3ea43a9e8aaa27fe79d70b2f541fddaded24b6e3bc7b14a273c39516
template-servicio.php,3847,57cfc5117d07cdb1da4ab4657ca01db172e3fc12bc07fb25f1ef439f6cad7938
